{
  "hash": "-1335897097",
  "bot": {
    "id": "81da6f43-c45d-4332-8a8a-0b97072ca0bc",
    "name": "LP Brand Survey ",
    "chatBotType": "SURVEY_BOT",
    "description": "Survey BOT with  FCR, CSAT and NPS questions.",
    "status": "NEW",
    "getStartedButtonPayload": "hi",
    "creationTime": 1701863078302,
    "modificationTime": 1702021870854,
    "demo": false,
    "skipNLP": false,
    "language": "en-US",
    "botAttributes": {
      "ENABLE_AGENT_ANNOTATIONS": "false",
      "ENABLE_DEBUG": "true",
      "IS_THANK_YOU_MESSAGE_ENABLED": "false",
      "PCS_FALLBACK_LIMIT": "3",
      "PCS_FALLBACK_LIMIT_MESSAGE": "I’m sorry. I don’t understand. The survey will now close.",
      "SMALL_TALK_ENABLED": "true",
      "URL_SHORTENING_ENABLED": "false"
    },
    "sessionLength": 0,
    "passThroughMode": false,
    "transcriptDisabled": false,
    "version": "2",
    "publicBot": false,
    "transferGroupId": "92d3ff2b-295a-4184-a680-1a775ee1a401",
    "channel": "MESSAGING",
    "readOnly": false,
    "smallTalkEnabled": true
  },
  "responder": [],
  "requiredContext": [],
  "conversationMessage": [
    {
      "id": "11a8365f162e6b418ef72b389c7a3144f567f7b0",
      "chatBotId": "81da6f43-c45d-4332-8a8a-0b97072ca0bc",
      "userInputRequired": false,
      "name": "csat_2",
      "type": "BOT_MESSAGE",
      "content": {
        "contentType": "STATIC",
        "results": {
          "type": "CSAT",
          "tile": {
            "tileData": [
              {
                "text": "How would you rate your overall satisfaction with the service you received?",
                "buttons": [],
                "quickReplyList": [],
                "pcsWidget": {
                  "multipleChoices": [
                    "1 😡",
                    "2 🙁",
                    "3 😐",
                    "4 🙂",
                    "5 😄"
                  ],
                  "pcsMultipleChoices": [
                    {
                      "text": "1 😡",
                      "value": 1,
                      "reportingValue": "1"
                    },
                    {
                      "text": "2 🙁",
                      "value": 2,
                      "reportingValue": "2"
                    },
                    {
                      "text": "3 😐",
                      "value": 3,
                      "reportingValue": "3"
                    },
                    {
                      "text": "4 🙂",
                      "value": 4,
                      "reportingValue": "4"
                    },
                    {
                      "text": "5 😄",
                      "value": 5,
                      "reportingValue": "5"
                    }
                  ],
                  "pcsQuickReplyValues": [
                    {
                      "text": "1 😡",
                      "value": 1,
                      "reportingValue": "1"
                    },
                    {
                      "text": "2 🙁",
                      "value": 2,
                      "reportingValue": "2"
                    },
                    {
                      "text": "3 😐",
                      "value": 3,
                      "reportingValue": "3"
                    },
                    {
                      "text": "4 🙂",
                      "value": 4,
                      "reportingValue": "4"
                    },
                    {
                      "text": "5 😄",
                      "value": 5,
                      "reportingValue": "5"
                    }
                  ],
                  "displayChoice": "QUICK_REPLY",
                  "textStyle": "ABC",
                  "chatMessageQuickReplies": [
                    {
                      "type": "text",
                      "title": "1 😡",
                      "value": 1,
                      "reportingValue": "1"
                    },
                    {
                      "type": "text",
                      "title": "2 🙁",
                      "value": 2,
                      "reportingValue": "2"
                    },
                    {
                      "type": "text",
                      "title": "3 😐",
                      "value": 3,
                      "reportingValue": "3"
                    },
                    {
                      "type": "text",
                      "title": "4 🙂",
                      "value": 4,
                      "reportingValue": "4"
                    },
                    {
                      "type": "text",
                      "title": "5 😄",
                      "value": 5,
                      "reportingValue": "5"
                    }
                  ],
                  "choicesPerRow": 4,
                  "nonPcsChatMessageQuickReplies": [
                    {
                      "type": "text",
                      "title": "1 😡"
                    },
                    {
                      "type": "text",
                      "title": "2 🙁"
                    },
                    {
                      "type": "text",
                      "title": "3 😐"
                    },
                    {
                      "type": "text",
                      "title": "4 🙂"
                    },
                    {
                      "type": "text",
                      "title": "5 😄"
                    }
                  ]
                }
              }
            ]
          }
        }
      },
      "group": "08d9aac5-04c0-4f4f-9034-1a04e570c3c4",
      "status": "ACTIVE",
      "required": true,
      "nextMessageId": "a04a2ea186e3ea1e7e763ba25f731408cdadb4a6",
      "prevMessageId": "31e229ff647987a4ca9088503fecd2e08f953664",
      "responseMatches": [
        {
          "name": "RULE_1",
          "conditions": [
            {
              "matchType": "EVAL_OPTION",
              "evaluateOptionMatch": {
                "value": "1 😡"
              }
            }
          ],
          "contextConditions": [],
          "action": {
            "name": "INTERACTION",
            "value": "next"
          },
          "contextDataVariables": []
        },
        {
          "name": "RULE_2",
          "conditions": [
            {
              "matchType": "EVAL_OPTION",
              "evaluateOptionMatch": {
                "value": "2 🙁"
              }
            }
          ],
          "contextConditions": [],
          "action": {
            "name": "INTERACTION",
            "value": "next"
          },
          "contextDataVariables": []
        },
        {
          "name": "RULE_3",
          "conditions": [
            {
              "matchType": "EVAL_OPTION",
              "evaluateOptionMatch": {
                "value": "3 😐"
              }
            }
          ],
          "contextConditions": [],
          "action": {
            "name": "INTERACTION",
            "value": "next"
          },
          "contextDataVariables": []
        },
        {
          "name": "RULE_4",
          "conditions": [
            {
              "matchType": "EVAL_OPTION",
              "evaluateOptionMatch": {
                "value": "4 🙂"
              }
            }
          ],
          "contextConditions": [],
          "action": {
            "name": "INTERACTION",
            "value": "next"
          },
          "contextDataVariables": []
        },
        {
          "name": "RULE_5",
          "conditions": [
            {
              "matchType": "EVAL_OPTION",
              "evaluateOptionMatch": {
                "value": "5 😄"
              }
            }
          ],
          "contextConditions": [],
          "action": {
            "name": "INTERACTION",
            "value": "next"
          },
          "contextDataVariables": []
        }
      ],
      "interactionType": "CSAT",
      "changeResponse": {
        "enabled": true
      },
      "cancelResponse": {
        "enabled": true
      }
    },
    {
      "id": "1c9f9f7cd3a51bcb8f80182efc5618d085bbd2b8",
      "chatBotId": "81da6f43-c45d-4332-8a8a-0b97072ca0bc",
      "userInputRequired": false,
      "name": "Close - Msg",
      "type": "BOT_MESSAGE",
      "content": {
        "contentType": "STATIC",
        "results": {
          "type": "TEXT",
          "tile": {
            "tileData": [
              {
                "text": "Thanks for contacting us. 😄",
                "buttons": [],
                "quickReplyList": []
              }
            ]
          }
        }
      },
      "group": "08d9aac5-04c0-4f4f-9034-1a04e570c3c4",
      "status": "ACTIVE",
      "required": true,
      "prevMessageId": "a04a2ea186e3ea1e7e763ba25f731408cdadb4a6",
      "responseMatches": [
        {
          "conditions": [],
          "contextConditions": [],
          "action": {
            "name": "INTERACTION",
            "value": "close_dialog"
          },
          "contextDataVariables": []
        }
      ],
      "interactionType": "TEXT"
    },
    {
      "id": "31e229ff647987a4ca9088503fecd2e08f953664",
      "chatBotId": "81da6f43-c45d-4332-8a8a-0b97072ca0bc",
      "userInputRequired": false,
      "name": "fcr_1",
      "type": "BOT_MESSAGE",
      "content": {
        "contentType": "STATIC",
        "results": {
          "type": "FCR",
          "tile": {
            "tileData": [
              {
                "text": "Were you able to resolve your inquiry today?",
                "buttons": [],
                "quickReplyList": [],
                "pcsWidget": {
                  "multipleChoices": [
                    "Yes",
                    "No"
                  ],
                  "pcsMultipleChoices": [
                    {
                      "text": "Yes",
                      "value": 1,
                      "reportingValue": "1"
                    },
                    {
                      "text": "No",
                      "value": 0,
                      "reportingValue": "0"
                    }
                  ],
                  "pcsQuickReplyValues": [
                    {
                      "text": "Yes",
                      "value": 1,
                      "reportingValue": "1"
                    },
                    {
                      "text": "No",
                      "value": 0,
                      "reportingValue": "0"
                    }
                  ],
                  "displayChoice": "QUICK_REPLY",
                  "textStyle": "ABC",
                  "chatMessageQuickReplies": [
                    {
                      "type": "text",
                      "title": "Yes",
                      "value": 1,
                      "reportingValue": "1"
                    },
                    {
                      "type": "text",
                      "title": "No",
                      "value": 0,
                      "reportingValue": "0"
                    }
                  ],
                  "choicesPerRow": 4,
                  "nonPcsChatMessageQuickReplies": [
                    {
                      "type": "text",
                      "title": "Yes"
                    },
                    {
                      "type": "text",
                      "title": "No"
                    }
                  ]
                }
              }
            ]
          }
        }
      },
      "group": "08d9aac5-04c0-4f4f-9034-1a04e570c3c4",
      "status": "ACTIVE",
      "required": true,
      "nextMessageId": "11a8365f162e6b418ef72b389c7a3144f567f7b0",
      "responseMatches": [
        {
          "name": "RULE_YES",
          "conditions": [
            {
              "matchType": "EVAL_OPTION",
              "evaluateOptionMatch": {
                "value": "Yes"
              }
            }
          ],
          "contextConditions": [],
          "action": {
            "name": "INTERACTION",
            "value": "next"
          },
          "contextDataVariables": []
        },
        {
          "name": "RULE_NO",
          "conditions": [
            {
              "matchType": "EVAL_OPTION",
              "evaluateOptionMatch": {
                "value": "No"
              }
            }
          ],
          "contextConditions": [],
          "action": {
            "name": "INTERACTION",
            "value": "next"
          },
          "contextDataVariables": []
        }
      ],
      "interactionType": "FCR",
      "changeResponse": {
        "enabled": true
      },
      "cancelResponse": {
        "enabled": true
      }
    },
    {
      "id": "a04a2ea186e3ea1e7e763ba25f731408cdadb4a6",
      "chatBotId": "81da6f43-c45d-4332-8a8a-0b97072ca0bc",
      "userInputRequired": false,
      "name": "nps_3",
      "type": "BOT_MESSAGE",
      "content": {
        "contentType": "STATIC",
        "results": {
          "type": "NPS",
          "tile": {
            "tileData": [
              {
                "text": "Based on your experience today, how likely are you to recommend us to a friend or colleague? (0 Not at all likely - 10 extremely likely)",
                "buttons": [],
                "quickReplyList": [],
                "pcsWidget": {
                  "multipleChoices": [
                    "0",
                    "1",
                    "2",
                    "3",
                    "4",
                    "5",
                    "6",
                    "7",
                    "8",
                    "9",
                    "10"
                  ],
                  "pcsMultipleChoices": [
                    {
                      "text": "0",
                      "value": 0,
                      "reportingValue": "0"
                    },
                    {
                      "text": "1",
                      "value": 1,
                      "reportingValue": "1"
                    },
                    {
                      "text": "2",
                      "value": 2,
                      "reportingValue": "2"
                    },
                    {
                      "text": "3",
                      "value": 3,
                      "reportingValue": "3"
                    },
                    {
                      "text": "4",
                      "value": 4,
                      "reportingValue": "4"
                    },
                    {
                      "text": "5",
                      "value": 5,
                      "reportingValue": "5"
                    },
                    {
                      "text": "6",
                      "value": 6,
                      "reportingValue": "6"
                    },
                    {
                      "text": "7",
                      "value": 7,
                      "reportingValue": "7"
                    },
                    {
                      "text": "8",
                      "value": 8,
                      "reportingValue": "8"
                    },
                    {
                      "text": "9",
                      "value": 9,
                      "reportingValue": "9"
                    },
                    {
                      "text": "10",
                      "value": 10,
                      "reportingValue": "10"
                    }
                  ],
                  "pcsQuickReplyValues": [
                    {
                      "text": "0",
                      "value": 0,
                      "reportingValue": "0"
                    },
                    {
                      "text": "1",
                      "value": 1,
                      "reportingValue": "1"
                    },
                    {
                      "text": "2",
                      "value": 2,
                      "reportingValue": "2"
                    },
                    {
                      "text": "3",
                      "value": 3,
                      "reportingValue": "3"
                    },
                    {
                      "text": "4",
                      "value": 4,
                      "reportingValue": "4"
                    },
                    {
                      "text": "5",
                      "value": 5,
                      "reportingValue": "5"
                    },
                    {
                      "text": "6",
                      "value": 6,
                      "reportingValue": "6"
                    },
                    {
                      "text": "7",
                      "value": 7,
                      "reportingValue": "7"
                    },
                    {
                      "text": "8",
                      "value": 8,
                      "reportingValue": "8"
                    },
                    {
                      "text": "9",
                      "value": 9,
                      "reportingValue": "9"
                    },
                    {
                      "text": "10",
                      "value": 10,
                      "reportingValue": "10"
                    }
                  ],
                  "displayChoice": "QUICK_REPLY",
                  "textStyle": "ABC",
                  "chatMessageQuickReplies": [
                    {
                      "type": "text",
                      "title": "0",
                      "value": 0,
                      "reportingValue": "0"
                    },
                    {
                      "type": "text",
                      "title": "1",
                      "value": 1,
                      "reportingValue": "1"
                    },
                    {
                      "type": "text",
                      "title": "2",
                      "value": 2,
                      "reportingValue": "2"
                    },
                    {
                      "type": "text",
                      "title": "3",
                      "value": 3,
                      "reportingValue": "3"
                    },
                    {
                      "type": "text",
                      "title": "4",
                      "value": 4,
                      "reportingValue": "4"
                    },
                    {
                      "type": "text",
                      "title": "5",
                      "value": 5,
                      "reportingValue": "5"
                    },
                    {
                      "type": "text",
                      "title": "6",
                      "value": 6,
                      "reportingValue": "6"
                    },
                    {
                      "type": "text",
                      "title": "7",
                      "value": 7,
                      "reportingValue": "7"
                    },
                    {
                      "type": "text",
                      "title": "8",
                      "value": 8,
                      "reportingValue": "8"
                    },
                    {
                      "type": "text",
                      "title": "9",
                      "value": 9,
                      "reportingValue": "9"
                    },
                    {
                      "type": "text",
                      "title": "10",
                      "value": 10,
                      "reportingValue": "10"
                    }
                  ],
                  "choicesPerRow": 4,
                  "nonPcsChatMessageQuickReplies": [
                    {
                      "type": "text",
                      "title": "0"
                    },
                    {
                      "type": "text",
                      "title": "1"
                    },
                    {
                      "type": "text",
                      "title": "2"
                    },
                    {
                      "type": "text",
                      "title": "3"
                    },
                    {
                      "type": "text",
                      "title": "4"
                    },
                    {
                      "type": "text",
                      "title": "5"
                    },
                    {
                      "type": "text",
                      "title": "6"
                    },
                    {
                      "type": "text",
                      "title": "7"
                    },
                    {
                      "type": "text",
                      "title": "8"
                    },
                    {
                      "type": "text",
                      "title": "9"
                    },
                    {
                      "type": "text",
                      "title": "10"
                    }
                  ]
                }
              }
            ]
          }
        }
      },
      "group": "08d9aac5-04c0-4f4f-9034-1a04e570c3c4",
      "status": "ACTIVE",
      "required": true,
      "nextMessageId": "1c9f9f7cd3a51bcb8f80182efc5618d085bbd2b8",
      "prevMessageId": "11a8365f162e6b418ef72b389c7a3144f567f7b0",
      "responseMatches": [
        {
          "name": "RULE_0",
          "conditions": [
            {
              "matchType": "EVAL_OPTION",
              "evaluateOptionMatch": {
                "value": "0"
              }
            }
          ],
          "contextConditions": [],
          "action": {
            "name": "INTERACTION",
            "value": "next"
          },
          "contextDataVariables": []
        },
        {
          "name": "RULE_1",
          "conditions": [
            {
              "matchType": "EVAL_OPTION",
              "evaluateOptionMatch": {
                "value": "1"
              }
            }
          ],
          "contextConditions": [],
          "action": {
            "name": "INTERACTION",
            "value": "next"
          },
          "contextDataVariables": []
        },
        {
          "name": "RULE_2",
          "conditions": [
            {
              "matchType": "EVAL_OPTION",
              "evaluateOptionMatch": {
                "value": "2"
              }
            }
          ],
          "contextConditions": [],
          "action": {
            "name": "INTERACTION",
            "value": "next"
          },
          "contextDataVariables": []
        },
        {
          "name": "RULE_3",
          "conditions": [
            {
              "matchType": "EVAL_OPTION",
              "evaluateOptionMatch": {
                "value": "3"
              }
            }
          ],
          "contextConditions": [],
          "action": {
            "name": "INTERACTION",
            "value": "next"
          },
          "contextDataVariables": []
        },
        {
          "name": "RULE_4",
          "conditions": [
            {
              "matchType": "EVAL_OPTION",
              "evaluateOptionMatch": {
                "value": "4"
              }
            }
          ],
          "contextConditions": [],
          "action": {
            "name": "INTERACTION",
            "value": "next"
          },
          "contextDataVariables": []
        },
        {
          "name": "RULE_5",
          "conditions": [
            {
              "matchType": "EVAL_OPTION",
              "evaluateOptionMatch": {
                "value": "5"
              }
            }
          ],
          "contextConditions": [],
          "action": {
            "name": "INTERACTION",
            "value": "next"
          },
          "contextDataVariables": []
        },
        {
          "name": "RULE_6",
          "conditions": [
            {
              "matchType": "EVAL_OPTION",
              "evaluateOptionMatch": {
                "value": "6"
              }
            }
          ],
          "contextConditions": [],
          "action": {
            "name": "INTERACTION",
            "value": "next"
          },
          "contextDataVariables": []
        },
        {
          "name": "RULE_7",
          "conditions": [
            {
              "matchType": "EVAL_OPTION",
              "evaluateOptionMatch": {
                "value": "7"
              }
            }
          ],
          "contextConditions": [],
          "action": {
            "name": "INTERACTION",
            "value": "next"
          },
          "contextDataVariables": []
        },
        {
          "name": "RULE_8",
          "conditions": [
            {
              "matchType": "EVAL_OPTION",
              "evaluateOptionMatch": {
                "value": "8"
              }
            }
          ],
          "contextConditions": [],
          "action": {
            "name": "INTERACTION",
            "value": "next"
          },
          "contextDataVariables": []
        },
        {
          "name": "RULE_9",
          "conditions": [
            {
              "matchType": "EVAL_OPTION",
              "evaluateOptionMatch": {
                "value": "9"
              }
            }
          ],
          "contextConditions": [],
          "action": {
            "name": "INTERACTION",
            "value": "next"
          },
          "contextDataVariables": []
        },
        {
          "name": "RULE_10",
          "conditions": [
            {
              "matchType": "EVAL_OPTION",
              "evaluateOptionMatch": {
                "value": "10"
              }
            }
          ],
          "contextConditions": [],
          "action": {
            "name": "INTERACTION",
            "value": "next"
          },
          "contextDataVariables": []
        }
      ],
      "interactionType": "NPS",
      "changeResponse": {
        "enabled": true
      },
      "cancelResponse": {
        "enabled": true
      }
    }
  ],
  "menus": [],
  "groups": [
    {
      "chatBotId": "81da6f43-c45d-4332-8a8a-0b97072ca0bc",
      "id": "08d9aac5-04c0-4f4f-9034-1a04e570c3c4",
      "name": "survey",
      "creationTime": "2023-12-06 06:44:38",
      "modificationTime": "2023-12-06 06:44:38",
      "dialogType": "SURVEY_DIALOG",
      "status": "ENABLED",
      "disambiguteOnlySelectedDomains": false
    }
  ],
  "platforms": [
    {
      "id": "45dd3e29e515e586d30dc91e801dbf796f17eafd",
      "chatbotId": "81da6f43-c45d-4332-8a8a-0b97072ca0bc",
      "integrationType": "HTMLCLIENT",
      "platform": "HTMLCLIENT",
      "status": "NEW"
    }
  ],
  "associatedDomains": [],
  "dialogTemplates": []
}