{
  "hash": "-2083582901",
  "bot": {
    "id": "074b727d-acd7-42f4-9960-6d99b6742724",
    "name": "LP Brand Authenticated ",
    "chatBotType": "CUSTOMER_FACING_BOT",
    "status": "NEW",
    "getStartedButtonPayload": "hi",
    "creationTime": 1701863108620,
    "modificationTime": 1702021827800,
    "demo": false,
    "skipNLP": false,
    "language": "en-US",
    "botAttributes": {
      "ENABLE_AGENT_ANNOTATIONS": "false",
      "ENABLE_DEBUG": "true",
      "PCS_FALLBACK_LIMIT": "3",
      "SMALL_TALK_ENABLED": "false",
      "URL_SHORTENING_ENABLED": "false"
    },
    "sessionLength": 0,
    "passThroughMode": false,
    "transcriptDisabled": false,
    "version": "2",
    "publicBot": false,
    "transferGroupId": "92d3ff2b-295a-4184-a680-1a775ee1a401",
    "channel": "MESSAGING",
    "readOnly": false,
    "smallTalkEnabled": false
  },
  "responder": [],
  "requiredContext": [],
  "conversationMessage": [
    {
      "id": "82c6569156c6f17894030379d913151d96996f6e",
      "chatBotId": "074b727d-acd7-42f4-9960-6d99b6742724",
      "userInputRequired": false,
      "name": "dialog_starter",
      "pattern": [
        "*"
      ],
      "type": "BOT_MESSAGE",
      "content": {
        "contentType": "STATIC",
        "results": {
          "type": "DIALOG_STARTER",
          "tile": {
            "tileData": [
              {
                "buttons": [],
                "quickReplyList": []
              }
            ],
            "sampleUserInput": "Hello!!"
          }
        }
      },
      "preProcessMessage": "var d = new Date(); \nif (botContext.getBotVariable('lastVisited') != null) { \n    botContext.setTriggerNextMessage('Welcome Back');\n} else { \n    botContext.setBotVariable('lastVisited',d,false,true); \n}",
      "group": "bc1c303f-f05a-47f3-84e1-d59af6178988",
      "status": "ACTIVE",
      "nextMessageId": "9ecfebe81b0c45538440b00677949757223242af",
      "responseMatches": [
        {
          "name": "RULE_1",
          "conditions": [],
          "contextConditions": [],
          "action": {
            "name": "INTERACTION",
            "value": "9ecfebe81b0c45538440b00677949757223242af"
          },
          "contextDataVariables": []
        }
      ],
      "interactionType": "DIALOG_STARTER"
    },
    {
      "id": "9ecfebe81b0c45538440b00677949757223242af",
      "chatBotId": "074b727d-acd7-42f4-9960-6d99b6742724",
      "userInputRequired": false,
      "name": "escalation_4",
      "type": "BOT_MESSAGE",
      "content": {
        "contentType": "DYNAMIC",
        "results": {
          "type": "ESCALATION",
          "tile": {
            "tileData": [
              {
                "text": "BLANK_MESSAGE",
                "buttons": [],
                "quickReplyList": [],
                "escalation": {
                  "agentSkillId": "4112882938",
                  "tangoContextEnabled": true
                }
              }
            ]
          }
        }
      },
      "group": "bc1c303f-f05a-47f3-84e1-d59af6178988",
      "status": "ACTIVE",
      "required": true,
      "prevMessageId": "82c6569156c6f17894030379d913151d96996f6e",
      "responseMatches": [
        {
          "name": "RULE_1",
          "conditions": [],
          "contextConditions": [],
          "action": {
            "name": "INTERACTION",
            "value": "none"
          },
          "contextDataVariables": []
        }
      ],
      "interactionType": "ESCALATION",
      "changeResponse": {
        "enabled": true
      },
      "cancelResponse": {
        "enabled": true
      }
    },
    {
      "id": "a6db0d71832b8309fef972b19db199422d10a466",
      "chatBotId": "074b727d-acd7-42f4-9960-6d99b6742724",
      "userInputRequired": false,
      "name": "fallback_starter",
      "type": "BOT_MESSAGE",
      "content": {
        "contentType": "STATIC",
        "results": {
          "type": "TEXT",
          "tile": {
            "tileData": [
              {
                "text": "Sorry, I am not able to understand.",
                "buttons": [],
                "quickReplyList": []
              }
            ]
          }
        }
      },
      "group": "9cbb4a7f-4f85-4a3f-b2ce-da35ed50e50b",
      "status": "ACTIVE",
      "responseMatches": [
        {
          "conditions": [],
          "contextConditions": [],
          "action": {
            "name": "INTERACTION",
            "value": "next"
          },
          "contextDataVariables": []
        }
      ],
      "interactionType": "TEXT"
    }
  ],
  "menus": [],
  "groups": [
    {
      "chatBotId": "074b727d-acd7-42f4-9960-6d99b6742724",
      "id": "9cbb4a7f-4f85-4a3f-b2ce-da35ed50e50b",
      "name": "2 Fallback",
      "creationTime": "2023-12-06 06:45:08",
      "modificationTime": "2023-12-06 06:45:08",
      "dialogType": "FALLBACK_DIALOG",
      "status": "ENABLED",
      "disambiguteOnlySelectedDomains": false
    },
    {
      "chatBotId": "074b727d-acd7-42f4-9960-6d99b6742724",
      "id": "bc1c303f-f05a-47f3-84e1-d59af6178988",
      "name": "1 Welcome",
      "creationTime": "2023-12-06 06:45:08",
      "modificationTime": "2023-12-06 06:45:08",
      "dialogType": "DIALOG",
      "status": "ENABLED",
      "disambiguteOnlySelectedDomains": false
    }
  ],
  "globalFunctions": {
    "chatBotId": "074b727d-acd7-42f4-9960-6d99b6742724",
    "methods": "function __initConversation() { \n}",
    "creationTime": "2023-12-06 06:45:08",
    "modificationTime": "2023-12-06 06:45:08"
  },
  "platforms": [
    {
      "id": "adab4371e74d07b411cce18eca895923afc470fc",
      "chatbotId": "074b727d-acd7-42f4-9960-6d99b6742724",
      "integrationType": "HTMLCLIENT",
      "platform": "HTMLCLIENT",
      "status": "NEW"
    }
  ],
  "associatedDomains": [],
  "dialogTemplates": []
}