{
  "hash": "-1085166339",
  "bot": {
    "id": "d6ae4973-b282-451c-be99-ff8fa8c37428",
    "name": "LP Brand Greeter ",
    "chatBotType": "CUSTOMER_FACING_BOT",
    "status": "NEW",
    "getStartedButtonPayload": "hi",
    "creationTime": 1701863137111,
    "modificationTime": 1702021897274,
    "demo": false,
    "skipNLP": false,
    "language": "en-US",
    "botAttributes": {
      "ENABLE_AGENT_ANNOTATIONS": "false",
      "ENABLE_DEBUG": "true",
      "PCS_FALLBACK_LIMIT": "3",
      "SMALL_TALK_ENABLED": "false",
      "URL_SHORTENING_ENABLED": "false"
    },
    "sessionLength": 0,
    "passThroughMode": false,
    "transcriptDisabled": false,
    "version": "2",
    "publicBot": false,
    "transferGroupId": "92d3ff2b-295a-4184-a680-1a775ee1a401",
    "channel": "MESSAGING",
    "readOnly": false,
    "smallTalkEnabled": false
  },
  "responder": [
    {
      "chatbotId": "d6ae4973-b282-451c-be99-ff8fa8c37428",
      "id": "6c7a43e4-02c6-4168-8455-53cc12c1e9f5",
      "name": "SET_SDE_MOVIE",
      "webhook": "{{url}}",
      "fileUrl": "{{file_url}}",
      "method": "POST",
      "defaultValues": [
        {
          "key": "title"
        },
        {
          "key": "subTitle"
        },
        {
          "key": "image"
        },
        {
          "key": "itemUrl"
        }
      ],
      "postBody": "{\"visitorId\":\"{$botContext.visitorId}\",\"sessionId\":\"{$botContext.sessionId}\",\"customerId\":\"{$botContext.movieName}\"}",
      "results": {
        "type": "TEXT",
        "tile": {
          "tileData": [
            {
              "buttons": [],
              "quickReplyList": []
            }
          ]
        }
      },
      "group": "Responders",
      "responseDataVariable": "SET_SDE_MOVIE",
      "integrationType": "FAAS",
      "leAccountId": "9994318",
      "faasLambdaUuid": "a1651f7d-540a-4184-bd6f-78cea8221e2e",
      "tangoContextEnabled": false
    },
    {
      "chatbotId": "d6ae4973-b282-451c-be99-ff8fa8c37428",
      "id": "e3d598d8-3644-4cff-be44-e189ff1f2d8c",
      "name": "SET_SDE_USER_DETAILS",
      "webhook": "{{url}}",
      "fileUrl": "{{file_url}}",
      "method": "POST",
      "defaultValues": [
        {
          "key": "title"
        },
        {
          "key": "subTitle"
        },
        {
          "key": "image"
        },
        {
          "key": "itemUrl"
        }
      ],
      "postBody": "{\"visitorId\":\"{$botContext.visitorId}\",\"sessionId\":\"{$botContext.sessionId}\",\"firstName\":\"{$botContext.firstName}\",\"lastName\":\"{$botContext.lastName}\",\"visitorMail\":\"{$botContext.email}\"}",
      "results": {
        "type": "TEXT",
        "tile": {
          "tileData": [
            {
              "buttons": [],
              "quickReplyList": []
            }
          ]
        }
      },
      "group": "Responders",
      "responseDataVariable": "SET_SDE_USER_DETAILS",
      "integrationType": "FAAS",
      "leAccountId": "9994318",
      "faasLambdaUuid": "a1651f7d-540a-4184-bd6f-78cea8221e2e",
      "tangoContextEnabled": false
    }
  ],
  "requiredContext": [],
  "conversationMessage": [
    {
      "id": "10c8cebe42b7f7920e07b25b4a78a5c7a9c145b4",
      "chatBotId": "d6ae4973-b282-451c-be99-ff8fa8c37428",
      "userInputRequired": false,
      "name": "text_19",
      "type": "BOT_MESSAGE",
      "content": {
        "contentType": "STATIC",
        "results": {
          "type": "TEXT",
          "tile": {
            "tileData": [
              {
                "text": "Thanks! I'll pass this along. Someone will reach out as soon as they're available.",
                "buttons": [],
                "quickReplyList": []
              }
            ]
          }
        }
      },
      "group": "75645c7b-3e81-46fc-9d20-8ebae161e098",
      "status": "ACTIVE",
      "required": true,
      "nextMessageId": "6a3224a81f6fd7044f2ecc0e59bf5bb442dda1d0",
      "prevMessageId": "32809e66ec117d4376a07be9db787ef568ff776b",
      "responseMatches": [
        {
          "name": "RULE_1",
          "conditions": [],
          "contextConditions": [],
          "action": {
            "name": "INTERACTION",
            "value": "next"
          },
          "contextDataVariables": []
        }
      ],
      "interactionType": "TEXT"
    },
    {
      "id": "18fc3413ce486d6345f73a4a4fbfdf410efe9a1f",
      "chatBotId": "d6ae4973-b282-451c-be99-ff8fa8c37428",
      "userInputRequired": false,
      "name": "api_integration_24",
      "type": "BOT_MESSAGE",
      "content": {
        "contentType": "DYNAMIC",
        "responderName": "SET_SDE_MOVIE",
        "responderId": "6c7a43e4-02c6-4168-8455-53cc12c1e9f5"
      },
      "group": "c5680791-d850-48be-a683-6dacc31faf46",
      "status": "ACTIVE",
      "required": true,
      "nextMessageId": "68d03f2c62c31d5580d57a386c5b5fc9225dabad",
      "prevMessageId": "3b7324cc2255e2be2b8d76f8165e5eb0a921db6e",
      "responseMatches": [
        {
          "conditions": [],
          "contextConditions": [],
          "action": {
            "name": "INTERACTION",
            "value": "next"
          },
          "contextDataVariables": []
        }
      ],
      "interactionType": "API_INTEGRATION",
      "changeResponse": {
        "enabled": true
      },
      "cancelResponse": {
        "enabled": true
      }
    },
    {
      "id": "2341e1b23b7a4e914e44d9e3aa892f3a894c4093",
      "chatBotId": "d6ae4973-b282-451c-be99-ff8fa8c37428",
      "userInputRequired": false,
      "name": "dialog_starter",
      "pattern": [
        "English"
      ],
      "type": "BOT_MESSAGE",
      "content": {
        "contentType": "STATIC",
        "results": {
          "type": "DIALOG_STARTER",
          "tile": {
            "tileData": [
              {
                "buttons": [],
                "quickReplyList": []
              }
            ],
            "sampleUserInput": "Hello!!"
          }
        }
      },
      "preProcessMessage": "var d = new Date(); \nif (botContext.getBotVariable('lastVisited') != null) { \n    botContext.setTriggerNextMessage('Welcome Back');\n} else { \n    botContext.setBotVariable('lastVisited',d,false,true); \n}",
      "group": "8bca16ff-6578-4ab8-a81d-35f7077f525c",
      "status": "ACTIVE",
      "nextMessageId": "a3074f407be29563305b1ca79de980bd6e6be1d5",
      "responseMatches": [
        {
          "name": "RULE_1",
          "conditions": [],
          "contextConditions": [],
          "action": {
            "name": "INTERACTION",
            "value": "next"
          },
          "contextDataVariables": []
        }
      ],
      "interactionType": "DIALOG_STARTER"
    },
    {
      "id": "2ec5041be1f8968bfbc47f273f461c530876d1ab",
      "chatBotId": "d6ae4973-b282-451c-be99-ff8fa8c37428",
      "userInputRequired": false,
      "name": "dialog_starter_21",
      "type": "BOT_MESSAGE",
      "content": {
        "contentType": "STATIC",
        "results": {
          "type": "DIALOG_STARTER",
          "tile": {
            "tileData": [
              {
                "buttons": [],
                "quickReplyList": []
              }
            ]
          }
        }
      },
      "group": "c5680791-d850-48be-a683-6dacc31faf46",
      "status": "ACTIVE",
      "required": true,
      "nextMessageId": "3b7324cc2255e2be2b8d76f8165e5eb0a921db6e",
      "responseMatches": [
        {
          "name": "RULE_1",
          "conditions": [],
          "contextConditions": [],
          "action": {
            "name": "INTERACTION",
            "value": "next"
          },
          "contextDataVariables": []
        }
      ],
      "interactionType": "DIALOG_STARTER"
    },
    {
      "id": "32809e66ec117d4376a07be9db787ef568ff776b",
      "chatBotId": "d6ae4973-b282-451c-be99-ff8fa8c37428",
      "userInputRequired": false,
      "name": "text_question_18",
      "type": "BOT_MESSAGE",
      "content": {
        "contentType": "STATIC",
        "results": {
          "type": "TEXT_QUESTION",
          "tile": {
            "tileData": [
              {
                "text": "Got it. In a few words, can you summarize what you're reaching out about?",
                "buttons": [],
                "quickReplyList": []
              }
            ]
          }
        }
      },
      "group": "75645c7b-3e81-46fc-9d20-8ebae161e098",
      "status": "ACTIVE",
      "required": true,
      "nextMessageId": "10c8cebe42b7f7920e07b25b4a78a5c7a9c145b4",
      "prevMessageId": "3baac2ce28bf221ae89481afd71b797a06e16a91",
      "responseMatches": [
        {
          "conditions": [],
          "contextConditions": [],
          "action": {
            "name": "INTERACTION",
            "value": "next"
          },
          "contextDataVariables": []
        }
      ],
      "interactionType": "TEXT_QUESTION",
      "changeResponse": {
        "enabled": true
      },
      "cancelResponse": {
        "enabled": true
      }
    },
    {
      "id": "3b7324cc2255e2be2b8d76f8165e5eb0a921db6e",
      "chatBotId": "d6ae4973-b282-451c-be99-ff8fa8c37428",
      "userInputRequired": false,
      "name": "text_question_22",
      "type": "BOT_MESSAGE",
      "content": {
        "contentType": "STATIC",
        "results": {
          "type": "TEXT_QUESTION",
          "tile": {
            "tileData": [
              {
                "text": "Tell me the name of the movie to get information.",
                "buttons": [],
                "quickReplyList": []
              }
            ]
          }
        }
      },
      "processUserResponse": "response = botContext.getCurrentUserMessage();\nbotContext.setBotVariable(\"movieName\", response, true ,false);\nvar mn = botContext.getBotVariable(\"movieName\"); \nbotContext.printDebugMessage(mn); ",
      "group": "c5680791-d850-48be-a683-6dacc31faf46",
      "status": "ACTIVE",
      "required": true,
      "nextMessageId": "18fc3413ce486d6345f73a4a4fbfdf410efe9a1f",
      "prevMessageId": "2ec5041be1f8968bfbc47f273f461c530876d1ab",
      "responseMatches": [
        {
          "conditions": [],
          "contextConditions": [],
          "action": {
            "name": "INTERACTION",
            "value": "next"
          },
          "contextDataVariables": []
        }
      ],
      "interactionType": "TEXT_QUESTION",
      "changeResponse": {
        "enabled": true
      },
      "cancelResponse": {
        "enabled": true
      }
    },
    {
      "id": "3baac2ce28bf221ae89481afd71b797a06e16a91",
      "chatBotId": "d6ae4973-b282-451c-be99-ff8fa8c37428",
      "userInputRequired": false,
      "name": "User_Details_SDE",
      "type": "BOT_MESSAGE",
      "content": {
        "contentType": "DYNAMIC",
        "responderName": "SET_SDE_USER_DETAILS",
        "responderId": "e3d598d8-3644-4cff-be44-e189ff1f2d8c"
      },
      "postProcessMessage": "botContext.setTriggerNextMessage('text_question_18');",
      "group": "75645c7b-3e81-46fc-9d20-8ebae161e098",
      "status": "ACTIVE",
      "required": true,
      "nextMessageId": "32809e66ec117d4376a07be9db787ef568ff776b",
      "prevMessageId": "5ec42269aea5332a6e245d5a49392fe62eef4ec3",
      "responseMatches": [
        {
          "name": "Pass",
          "conditions": [
            {
              "matchType": "API_RESULT",
              "apiResultsMatch": {
                "status": "SUCCESS"
              }
            }
          ],
          "contextConditions": [],
          "contextMatchConditionType": "ANY",
          "action": {
            "name": "INTERACTION",
            "value": "next"
          },
          "contextDataVariables": []
        },
        {
          "name": "Failure Rule",
          "conditions": [
            {
              "matchType": "API_RESULT",
              "apiResultsMatch": {
                "status": "FAILURE"
              }
            }
          ],
          "contextConditions": [],
          "contextMatchConditionType": "ANY",
          "action": {
            "name": "INTERACTION",
            "value": "next"
          },
          "contextDataVariables": []
        }
      ],
      "interactionType": "API_INTEGRATION",
      "changeResponse": {
        "enabled": true
      },
      "cancelResponse": {
        "enabled": true
      }
    },
    {
      "id": "3bf104daafc41ba7aefadd767eeaaddd37030e9c",
      "chatBotId": "d6ae4973-b282-451c-be99-ff8fa8c37428",
      "userInputRequired": false,
      "name": "Agent Transfer-Start",
      "type": "BOT_MESSAGE",
      "content": {
        "contentType": "STATIC",
        "results": {
          "type": "TEXT",
          "tile": {
            "tileData": [
              {
                "text": "Alright, I'll just grab a bit of info from you to speed things along, and then I'll get you to the right person.",
                "buttons": [],
                "quickReplyList": []
              }
            ]
          }
        }
      },
      "group": "75645c7b-3e81-46fc-9d20-8ebae161e098",
      "status": "ACTIVE",
      "required": true,
      "nextMessageId": "bc466e0354995b33bb2fe323a1957426c5f24dad",
      "prevMessageId": "e11e802a1406200c994923716436eaab1568109a",
      "responseMatches": [
        {
          "name": "RULE_1",
          "conditions": [],
          "contextConditions": [],
          "action": {
            "name": "INTERACTION",
            "value": "next"
          },
          "contextDataVariables": []
        }
      ],
      "interactionType": "TEXT",
      "interactionDelay": "2500"
    },
    {
      "id": "428201ba26e1c0963298dac0100aebdc8b5c5338",
      "chatBotId": "d6ae4973-b282-451c-be99-ff8fa8c37428",
      "userInputRequired": false,
      "name": "dialog_starter_25",
      "pattern": [
        "Spanish"
      ],
      "type": "BOT_MESSAGE",
      "content": {
        "contentType": "STATIC",
        "results": {
          "type": "DIALOG_STARTER",
          "tile": {
            "tileData": [
              {
                "buttons": [],
                "quickReplyList": []
              }
            ]
          }
        }
      },
      "group": "dbde8d7d-e7ce-4b29-b4ce-b695d80dfaf1",
      "status": "ACTIVE",
      "required": true,
      "nextMessageId": "880f80c1b5291cec75566b3b38a86af04b4dca79",
      "responseMatches": [
        {
          "conditions": [],
          "contextConditions": [],
          "action": {
            "name": "INTERACTION",
            "value": "next"
          },
          "contextDataVariables": []
        }
      ],
      "interactionType": "DIALOG_STARTER"
    },
    {
      "id": "4ec5bb63cf65a06588354ecfa207716384d7fcc1",
      "chatBotId": "d6ae4973-b282-451c-be99-ff8fa8c37428",
      "userInputRequired": false,
      "name": "escalation_7",
      "type": "BOT_MESSAGE",
      "content": {
        "contentType": "DYNAMIC",
        "results": {
          "type": "ESCALATION",
          "tile": {
            "tileData": [
              {
                "text": "BLANK_MESSAGE",
                "buttons": [],
                "quickReplyList": [],
                "escalation": {
                  "agentSkillId": "4112883138",
                  "tangoContextEnabled": true
                }
              }
            ]
          }
        }
      },
      "preProcessMessage": "var TFS = botContext.getBotVariable('transferSkill');\nbotContext.printDebugMessage(TFS); \n",
      "group": "cef0f959-2c83-4683-9910-d2bd6327c75f",
      "status": "ACTIVE",
      "required": true,
      "prevMessageId": "a401eb08dc0c0d1d7e1f44b133ff1e9d608764fe",
      "responseMatches": [
        {
          "name": "RULE_1",
          "conditions": [],
          "contextConditions": [],
          "action": {
            "name": "INTERACTION",
            "value": "next"
          },
          "contextDataVariables": []
        }
      ],
      "interactionType": "ESCALATION",
      "changeResponse": {
        "enabled": true
      },
      "cancelResponse": {
        "enabled": true
      }
    },
    {
      "id": "5ec42269aea5332a6e245d5a49392fe62eef4ec3",
      "chatBotId": "d6ae4973-b282-451c-be99-ff8fa8c37428",
      "userInputRequired": false,
      "name": "text_question_17",
      "type": "BOT_MESSAGE",
      "content": {
        "contentType": "STATIC",
        "results": {
          "type": "TEXT_QUESTION",
          "tile": {
            "tileData": [
              {
                "text": "There should be an '@', followed by a domain (name@email.com).\n\nWas the email address you used to place the order?",
                "buttons": [],
                "quickReplyList": []
              }
            ]
          }
        }
      },
      "group": "75645c7b-3e81-46fc-9d20-8ebae161e098",
      "status": "ACTIVE",
      "required": true,
      "nextMessageId": "3baac2ce28bf221ae89481afd71b797a06e16a91",
      "prevMessageId": "62e115c9e1b2d549401ad6f78f6d342ca2d8ebda",
      "responseMatches": [
        {
          "name": "Email",
          "conditions": [
            {
              "matchType": "REGEX",
              "regexMatch": {
                "regexText": "^(([^<>()\\[\\]\\\\.,;:\\s@\"]+(\\.[^<>()\\[\\]\\\\.,;:\\s@\"]+)*)|(\".+\"))@((\\[[0-9]{1,3}\\.[0-9]{1,3}\\.[0-9]{1,3}\\.[0-9]{1,3}])|(([a-zA-Z\\-0-9]+\\.)+[a-zA-Z]{2,}))$",
                "excludeKeywords": []
              }
            }
          ],
          "contextConditions": [],
          "contextMatchConditionType": "ANY",
          "action": {
            "name": "INTERACTION",
            "value": "next"
          },
          "contextDataVariables": [
            {
              "name": "email",
              "value": "{$userMessage}",
              "scope": "SESSION"
            }
          ]
        },
        {
          "name": "No Match",
          "conditions": [
            {
              "matchType": "NO_MATCH",
              "noMatch": {}
            }
          ],
          "contextConditions": [],
          "contextMatchConditionType": "ANY",
          "action": {
            "name": "INTERACTION",
            "value": "3baac2ce28bf221ae89481afd71b797a06e16a91"
          },
          "contextDataVariables": [
            {
              "name": "email",
              "value": "{$userMessage}",
              "scope": "SESSION"
            }
          ]
        }
      ],
      "interactionType": "TEXT_QUESTION",
      "changeResponse": {
        "enabled": true
      },
      "cancelResponse": {
        "enabled": true
      }
    },
    {
      "id": "62e115c9e1b2d549401ad6f78f6d342ca2d8ebda",
      "chatBotId": "d6ae4973-b282-451c-be99-ff8fa8c37428",
      "userInputRequired": false,
      "name": "text_question_16",
      "type": "BOT_MESSAGE",
      "content": {
        "contentType": "STATIC",
        "results": {
          "type": "TEXT_QUESTION",
          "tile": {
            "tileData": [
              {
                "text": "Perfect. What's a good email to reach you at if we need to follow up with? \n\nNo spam, we promise!",
                "buttons": [],
                "quickReplyList": []
              }
            ]
          }
        }
      },
      "group": "75645c7b-3e81-46fc-9d20-8ebae161e098",
      "status": "ACTIVE",
      "required": true,
      "nextMessageId": "5ec42269aea5332a6e245d5a49392fe62eef4ec3",
      "prevMessageId": "a596ca7f4e7b72f4136927d2b984f2fb8ef19c46",
      "responseMatches": [
        {
          "name": "Email",
          "conditions": [
            {
              "matchType": "REGEX",
              "regexMatch": {
                "regexText": "^(([^<>()\\[\\]\\\\.,;:\\s@\"]+(\\.[^<>()\\[\\]\\\\.,;:\\s@\"]+)*)|(\".+\"))@((\\[[0-9]{1,3}\\.[0-9]{1,3}\\.[0-9]{1,3}\\.[0-9]{1,3}])|(([a-zA-Z\\-0-9]+\\.)+[a-zA-Z]{2,}))$",
                "excludeKeywords": []
              }
            }
          ],
          "contextConditions": [],
          "contextMatchConditionType": "ANY",
          "action": {
            "name": "INTERACTION",
            "value": "3baac2ce28bf221ae89481afd71b797a06e16a91"
          },
          "contextDataVariables": [
            {
              "name": "email",
              "value": "{$userMessage}",
              "scope": "SESSION"
            }
          ]
        },
        {
          "name": "No Match",
          "conditions": [
            {
              "matchType": "NO_MATCH",
              "noMatch": {}
            }
          ],
          "contextConditions": [],
          "contextMatchConditionType": "ANY",
          "action": {
            "name": "INTERACTION",
            "value": "5ec42269aea5332a6e245d5a49392fe62eef4ec3"
          },
          "contextDataVariables": []
        }
      ],
      "interactionType": "TEXT_QUESTION",
      "changeResponse": {
        "enabled": true
      },
      "cancelResponse": {
        "enabled": true
      }
    },
    {
      "id": "68d03f2c62c31d5580d57a386c5b5fc9225dabad",
      "chatBotId": "d6ae4973-b282-451c-be99-ff8fa8c37428",
      "userInputRequired": false,
      "name": "escalation_23",
      "type": "BOT_MESSAGE",
      "content": {
        "contentType": "DYNAMIC",
        "results": {
          "type": "ESCALATION",
          "tile": {
            "tileData": [
              {
                "text": "BLANK_MESSAGE",
                "buttons": [],
                "quickReplyList": [],
                "escalation": {
                  "agentSkillId": "4112883138",
                  "tangoContextEnabled": true
                }
              }
            ]
          }
        }
      },
      "group": "c5680791-d850-48be-a683-6dacc31faf46",
      "status": "ACTIVE",
      "required": true,
      "prevMessageId": "18fc3413ce486d6345f73a4a4fbfdf410efe9a1f",
      "responseMatches": [
        {
          "conditions": [],
          "contextConditions": [],
          "action": {
            "name": "INTERACTION",
            "value": "next"
          },
          "contextDataVariables": []
        }
      ],
      "interactionType": "ESCALATION",
      "changeResponse": {
        "enabled": true
      },
      "cancelResponse": {
        "enabled": true
      }
    },
    {
      "id": "6980665a40361cdc4f91c0f4bd65f92426a4e308",
      "chatBotId": "d6ae4973-b282-451c-be99-ff8fa8c37428",
      "userInputRequired": false,
      "name": "OOH- NO",
      "type": "BOT_MESSAGE",
      "content": {
        "contentType": "STATIC",
        "results": {
          "type": "TEXT",
          "tile": {
            "tileData": [
              {
                "text": "Hi! I'm your virtual assistant, here to guide you along your shopping experience.",
                "buttons": [],
                "quickReplyList": []
              }
            ]
          }
        }
      },
      "group": "8bca16ff-6578-4ab8-a81d-35f7077f525c",
      "status": "ACTIVE",
      "required": true,
      "prevMessageId": "75351a2afe9c9495187b27029053f17a5cb7031b",
      "responseMatches": [
        {
          "name": "RULE_1",
          "conditions": [],
          "contextConditions": [],
          "action": {
            "name": "INTERACTION",
            "value": "abde1c45035bc9712cf5ec136ddda55f51c1d818"
          },
          "contextDataVariables": []
        }
      ],
      "interactionType": "TEXT",
      "interactionDelay": "2500"
    },
    {
      "id": "6a3224a81f6fd7044f2ecc0e59bf5bb442dda1d0",
      "chatBotId": "d6ae4973-b282-451c-be99-ff8fa8c37428",
      "userInputRequired": false,
      "name": "escalation_20",
      "type": "BOT_MESSAGE",
      "content": {
        "contentType": "DYNAMIC",
        "results": {
          "type": "ESCALATION",
          "tile": {
            "tileData": [
              {
                "text": "BLANK_MESSAGE",
                "buttons": [],
                "quickReplyList": [],
                "escalation": {
                  "agentSkillId": "{$botContext.transferSkill}",
                  "tangoContextEnabled": true
                }
              }
            ]
          }
        }
      },
      "preProcessMessage": "var TFS = botContext.getBotVariable('transferSkill');\nbotContext.printDebugMessage(TFS); \n",
      "group": "75645c7b-3e81-46fc-9d20-8ebae161e098",
      "status": "ACTIVE",
      "required": true,
      "prevMessageId": "10c8cebe42b7f7920e07b25b4a78a5c7a9c145b4",
      "responseMatches": [
        {
          "name": "RULE_1",
          "conditions": [],
          "contextConditions": [],
          "action": {
            "name": "INTERACTION",
            "value": "none"
          },
          "contextDataVariables": []
        }
      ],
      "interactionType": "ESCALATION",
      "changeResponse": {
        "enabled": true
      },
      "cancelResponse": {
        "enabled": true
      }
    },
    {
      "id": "738fea2fa2fab8761d147ef26d647802d47fc06d",
      "chatBotId": "d6ae4973-b282-451c-be99-ff8fa8c37428",
      "userInputRequired": false,
      "name": "text_question_14",
      "type": "BOT_MESSAGE",
      "content": {
        "contentType": "STATIC",
        "results": {
          "type": "TEXT_QUESTION",
          "tile": {
            "tileData": [
              {
                "text": "And your last name?",
                "buttons": [],
                "quickReplyList": []
              }
            ]
          }
        }
      },
      "group": "75645c7b-3e81-46fc-9d20-8ebae161e098",
      "status": "ACTIVE",
      "required": true,
      "nextMessageId": "a596ca7f4e7b72f4136927d2b984f2fb8ef19c46",
      "prevMessageId": "d016a76ea664dd2bd53e05f145ff5caa797d8373",
      "responseMatches": [
        {
          "name": "Last Name",
          "conditions": [
            {
              "matchType": "REGEX",
              "regexMatch": {
                "regexText": "^\\s*([a-zA-Z]+\\s*){2,3}$",
                "excludeKeywords": []
              }
            }
          ],
          "contextConditions": [],
          "contextMatchConditionType": "ANY",
          "action": {
            "name": "INTERACTION",
            "value": "62e115c9e1b2d549401ad6f78f6d342ca2d8ebda"
          },
          "contextDataVariables": [
            {
              "name": "lastName",
              "value": "{$userMessage}",
              "scope": "SESSION"
            }
          ]
        },
        {
          "name": "No Match",
          "conditions": [
            {
              "matchType": "NO_MATCH",
              "noMatch": {}
            }
          ],
          "contextConditions": [],
          "contextMatchConditionType": "ANY",
          "action": {
            "name": "INTERACTION",
            "value": "a596ca7f4e7b72f4136927d2b984f2fb8ef19c46"
          },
          "contextDataVariables": []
        }
      ],
      "interactionType": "TEXT_QUESTION",
      "changeResponse": {
        "enabled": true
      },
      "cancelResponse": {
        "enabled": true
      }
    },
    {
      "id": "75351a2afe9c9495187b27029053f17a5cb7031b",
      "chatBotId": "d6ae4973-b282-451c-be99-ff8fa8c37428",
      "userInputRequired": false,
      "name": "OOH- YES",
      "type": "BOT_MESSAGE",
      "content": {
        "contentType": "STATIC",
        "results": {
          "type": "TEXT",
          "tile": {
            "tileData": [
              {
                "text": "Hi! I'm your virtual assistant.\n\nOur business hours are Monday-Friday 9am-10pm Eastern, and Saturday-Sunday 12pm-9pm Eastern.\n\nIn the meantime, I can grab a bit of info from you to pass along as soon as our team members are back online.",
                "buttons": [],
                "quickReplyList": []
              }
            ]
          }
        }
      },
      "group": "8bca16ff-6578-4ab8-a81d-35f7077f525c",
      "status": "ACTIVE",
      "required": true,
      "nextMessageId": "6980665a40361cdc4f91c0f4bd65f92426a4e308",
      "prevMessageId": "a3074f407be29563305b1ca79de980bd6e6be1d5",
      "responseMatches": [
        {
          "name": "RULE_1",
          "conditions": [],
          "contextConditions": [],
          "action": {
            "name": "INTERACTION",
            "value": "abde1c45035bc9712cf5ec136ddda55f51c1d818"
          },
          "contextDataVariables": []
        }
      ],
      "interactionType": "TEXT",
      "interactionDelay": "2500"
    },
    {
      "id": "880f80c1b5291cec75566b3b38a86af04b4dca79",
      "chatBotId": "d6ae4973-b282-451c-be99-ff8fa8c37428",
      "userInputRequired": false,
      "name": "escalation_26",
      "type": "BOT_MESSAGE",
      "content": {
        "contentType": "DYNAMIC",
        "results": {
          "type": "ESCALATION",
          "tile": {
            "tileData": [
              {
                "text": "Hola transfiriendo a tu experto",
                "buttons": [],
                "quickReplyList": [],
                "escalation": {
                  "agentSkillId": "4170538438",
                  "tangoContextEnabled": true
                }
              }
            ]
          }
        }
      },
      "group": "dbde8d7d-e7ce-4b29-b4ce-b695d80dfaf1",
      "status": "ACTIVE",
      "required": true,
      "prevMessageId": "428201ba26e1c0963298dac0100aebdc8b5c5338",
      "responseMatches": [
        {
          "name": "RULE_1",
          "conditions": [],
          "contextConditions": [],
          "action": {
            "name": "INTERACTION",
            "value": "next"
          },
          "contextDataVariables": []
        }
      ],
      "interactionType": "ESCALATION",
      "changeResponse": {
        "enabled": true
      },
      "cancelResponse": {
        "enabled": true
      }
    },
    {
      "id": "a3074f407be29563305b1ca79de980bd6e6be1d5",
      "chatBotId": "d6ae4973-b282-451c-be99-ff8fa8c37428",
      "userInputRequired": false,
      "name": "Check_Agent",
      "type": "BOT_MESSAGE",
      "content": {
        "contentType": "STATIC",
        "results": {
          "type": "TEXT",
          "tile": {
            "tileData": [
              {
                "text": "BLANK_MESSAGE",
                "buttons": [],
                "quickReplyList": []
              }
            ]
          }
        }
      },
      "preProcessMessage": "//var OOH = true;\n//var OOH = false;\n//botContext.setBotVariable(\"OOH\",OOH,true,false); \n\n\nvar hoursSpec = [\n    \"REG_HOURS~9:00~22:00\",\n    \"AFTER_HOURS~22:00~9:00\",\n    \"FRIDAY|WKEND_REG_HOURS~9:00~22:00\",\n    \"FRIDAY|WKEND_AFTER_HOURS~22:00~9:00\",\n    \"SATURDAY|WKEND_REG_HOURS~12:00~21:00\",\n    \"SATURDAY|WKEND_AFTER_HOURS~21:00~12:00\",\n    \"SUNDAY|WKEND_REG_HOURS~12:00~21:00\",\n    \"SUNDAY|WKEND_AFTER_HOURS~21:00~12:00\",\n];\n\n\nvar type = botContext.getHoursType(hoursSpec, \"Asia/Kolkata\");\nbotContext.printDebugMessage(type);\n\n\n// TEST FOR type and set the transferMessage to result\nswitch(type){\n  case \"REG_HOURS\":\n  case \"SATURDAY|WKEND_REG_HOURS\":\n  case \"SUNDAY|WKEND_REG_HOURS\":\n    botContext.setBotVariable(\"OOH\",\"false\",true,false);\n    botContext.setTriggerNextMessage('OOH- NO');\n    break;\n\n  case \"AFTER_HOURS\":\n  case \"SATURDAY|WKEND_AFTER_HOURS\":\n  case \"SUNDAY|WKEND_AFTER_HOURS\":\n    botContext.setBotVariable(\"OOH\",\"true\",true,false);\n    botContext.setTriggerNextMessage('OOH- YES');\n    break;\n}",
      "group": "8bca16ff-6578-4ab8-a81d-35f7077f525c",
      "status": "ACTIVE",
      "nextMessageId": "75351a2afe9c9495187b27029053f17a5cb7031b",
      "prevMessageId": "2341e1b23b7a4e914e44d9e3aa892f3a894c4093",
      "responseMatches": [
        {
          "name": "RULE_1",
          "conditions": [],
          "contextConditions": [],
          "action": {
            "name": "INTERACTION",
            "value": "none"
          },
          "contextDataVariables": []
        }
      ],
      "interactionType": "TEXT"
    },
    {
      "id": "a401eb08dc0c0d1d7e1f44b133ff1e9d608764fe",
      "chatBotId": "d6ae4973-b282-451c-be99-ff8fa8c37428",
      "userInputRequired": false,
      "name": "text_6",
      "type": "BOT_MESSAGE",
      "content": {
        "contentType": "STATIC",
        "results": {
          "type": "TEXT",
          "tile": {
            "tileData": [
              {
                "text": "Sure! I can set you up to talk to a customer service agent as soon as they're back online",
                "buttons": [],
                "quickReplyList": []
              }
            ]
          }
        }
      },
      "group": "cef0f959-2c83-4683-9910-d2bd6327c75f",
      "status": "ACTIVE",
      "required": true,
      "nextMessageId": "4ec5bb63cf65a06588354ecfa207716384d7fcc1",
      "prevMessageId": "abde1c45035bc9712cf5ec136ddda55f51c1d818",
      "responseMatches": [
        {
          "name": "RULE_1",
          "conditions": [],
          "contextConditions": [],
          "action": {
            "name": "INTERACTION",
            "value": "next"
          },
          "contextDataVariables": []
        }
      ],
      "interactionType": "TEXT",
      "interactionDelay": "2500"
    },
    {
      "id": "a596ca7f4e7b72f4136927d2b984f2fb8ef19c46",
      "chatBotId": "d6ae4973-b282-451c-be99-ff8fa8c37428",
      "userInputRequired": false,
      "name": "last-name-retry",
      "type": "BOT_MESSAGE",
      "content": {
        "contentType": "STATIC",
        "results": {
          "type": "TEXT_QUESTION",
          "tile": {
            "tileData": [
              {
                "text": "Hmm, that doesn't look quite right. I'm looking for just your last name.\n\nLet's try that again. Can I get your last name?",
                "buttons": [],
                "quickReplyList": []
              }
            ]
          }
        }
      },
      "group": "75645c7b-3e81-46fc-9d20-8ebae161e098",
      "status": "ACTIVE",
      "required": true,
      "nextMessageId": "62e115c9e1b2d549401ad6f78f6d342ca2d8ebda",
      "prevMessageId": "738fea2fa2fab8761d147ef26d647802d47fc06d",
      "responseMatches": [
        {
          "name": "Last Name",
          "conditions": [
            {
              "matchType": "PATTERN",
              "patternMatch": {
                "patterns": [
                  "^\\s*([a-zA-Z]+\\s*){2,3}$"
                ],
                "excludeKeywords": []
              }
            }
          ],
          "contextConditions": [],
          "contextMatchConditionType": "ANY",
          "action": {
            "name": "INTERACTION",
            "value": "62e115c9e1b2d549401ad6f78f6d342ca2d8ebda"
          },
          "contextDataVariables": [
            {
              "name": "lastName",
              "value": "{$userMessage}",
              "scope": "SESSION"
            }
          ]
        },
        {
          "name": "No Match",
          "conditions": [
            {
              "matchType": "NO_MATCH",
              "noMatch": {}
            }
          ],
          "contextConditions": [],
          "contextMatchConditionType": "ANY",
          "action": {
            "name": "INTERACTION",
            "value": "62e115c9e1b2d549401ad6f78f6d342ca2d8ebda"
          },
          "contextDataVariables": [
            {
              "name": "lastName",
              "value": "{$userMessage}",
              "scope": "SESSION"
            }
          ]
        }
      ],
      "interactionType": "TEXT_QUESTION",
      "changeResponse": {
        "enabled": true
      },
      "cancelResponse": {
        "enabled": true
      }
    },
    {
      "id": "abde1c45035bc9712cf5ec136ddda55f51c1d818",
      "chatBotId": "d6ae4973-b282-451c-be99-ff8fa8c37428",
      "userInputRequired": false,
      "name": "multiple_choice_question_5",
      "type": "BOT_MESSAGE",
      "content": {
        "contentType": "STATIC",
        "results": {
          "type": "MULTIPLE_CHOICE_QUESTION",
          "tile": {
            "tileData": [
              {
                "text": "What would you like to do?",
                "buttons": [],
                "multipleChoice": {
                  "multipleChoices": [
                    "Help me shop",
                    "Track my order",
                    "Help with a return",
                    "Help with a repair",
                    "Payment question",
                    "Something else",
                    "Movie Information"
                  ],
                  "displayChoice": "BUTTON",
                  "textStyle": "NUMBERS",
                  "indentationStatus": "ENABLED"
                },
                "quickReplyList": [],
                "quickReplyWidget": {
                  "choicesPerRow": 8
                }
              }
            ]
          }
        }
      },
      "group": "cef0f959-2c83-4683-9910-d2bd6327c75f",
      "status": "ACTIVE",
      "required": true,
      "nextMessageId": "a401eb08dc0c0d1d7e1f44b133ff1e9d608764fe",
      "prevMessageId": "e887b13341bb5ca36ef9b559a9712b8e50358388",
      "responseMatches": [
        {
          "name": "Help me shop(T)",
          "conditions": [
            {
              "matchType": "EVAL_OPTION",
              "evaluateOptionMatch": {
                "value": "Help me shop"
              }
            }
          ],
          "contextConditions": [
            {
              "matchType": "EQUALS",
              "contextName": "OOH",
              "value": "true"
            }
          ],
          "contextMatchConditionType": "ANY",
          "action": {
            "name": "INTERACTION",
            "value": "a401eb08dc0c0d1d7e1f44b133ff1e9d608764fe"
          },
          "contextDataVariables": [
            {
              "name": "transferSkill",
              "value": "4112883138",
              "scope": "SESSION"
            }
          ]
        },
        {
          "name": "Help me shop(F)",
          "conditions": [
            {
              "matchType": "EVAL_OPTION",
              "evaluateOptionMatch": {
                "value": "Help me shop"
              }
            }
          ],
          "contextConditions": [
            {
              "matchType": "EQUALS",
              "contextName": "OOH",
              "value": "false"
            }
          ],
          "contextMatchConditionType": "ANY",
          "action": {
            "name": "INTERACTION",
            "value": "3bf104daafc41ba7aefadd767eeaaddd37030e9c"
          },
          "contextDataVariables": [
            {
              "name": "transferSkill",
              "value": "4112883138",
              "scope": "SESSION"
            }
          ]
        },
        {
          "name": "Track my order",
          "conditions": [
            {
              "matchType": "EVAL_OPTION",
              "evaluateOptionMatch": {
                "value": "Track my order"
              }
            }
          ],
          "contextConditions": [],
          "contextMatchConditionType": "ANY",
          "action": {
            "name": "INTERACTION",
            "value": "3bf104daafc41ba7aefadd767eeaaddd37030e9c"
          },
          "contextDataVariables": [
            {
              "name": "transferSkill",
              "value": "4112882938",
              "scope": "SESSION"
            }
          ]
        },
        {
          "name": "Help with a return",
          "conditions": [
            {
              "matchType": "EVAL_OPTION",
              "evaluateOptionMatch": {
                "value": "Help with a return"
              }
            }
          ],
          "contextConditions": [],
          "contextMatchConditionType": "ANY",
          "action": {
            "name": "INTERACTION",
            "value": "3bf104daafc41ba7aefadd767eeaaddd37030e9c"
          },
          "contextDataVariables": [
            {
              "name": "transferSkill",
              "value": "4112882938",
              "scope": "SESSION"
            }
          ]
        },
        {
          "name": "Help with a repair",
          "conditions": [
            {
              "matchType": "EVAL_OPTION",
              "evaluateOptionMatch": {
                "value": "Help with a repair"
              }
            }
          ],
          "contextConditions": [],
          "contextMatchConditionType": "ANY",
          "action": {
            "name": "INTERACTION",
            "value": "3bf104daafc41ba7aefadd767eeaaddd37030e9c"
          },
          "contextDataVariables": [
            {
              "name": "transferSkill",
              "value": "4112882938",
              "scope": "SESSION"
            }
          ]
        },
        {
          "name": "Payment question",
          "conditions": [
            {
              "matchType": "EVAL_OPTION",
              "evaluateOptionMatch": {
                "value": "Payment question"
              }
            }
          ],
          "contextConditions": [],
          "contextMatchConditionType": "ANY",
          "action": {
            "name": "INTERACTION",
            "value": "3bf104daafc41ba7aefadd767eeaaddd37030e9c"
          },
          "contextDataVariables": [
            {
              "name": "transferSkill",
              "value": "4112882938",
              "scope": "SESSION"
            }
          ]
        },
        {
          "name": "Something else",
          "conditions": [
            {
              "matchType": "EVAL_OPTION",
              "evaluateOptionMatch": {
                "value": "Something else"
              }
            }
          ],
          "contextConditions": [],
          "contextMatchConditionType": "ANY",
          "action": {
            "name": "INTERACTION",
            "value": "3bf104daafc41ba7aefadd767eeaaddd37030e9c"
          },
          "contextDataVariables": [
            {
              "name": "transferSkill",
              "value": "4112882938",
              "scope": "SESSION"
            }
          ]
        },
        {
          "name": "Movie information",
          "conditions": [
            {
              "matchType": "EVAL_OPTION",
              "evaluateOptionMatch": {
                "value": "Movie Information"
              }
            }
          ],
          "contextConditions": [],
          "contextMatchConditionType": "ANY",
          "action": {
            "name": "INTERACTION",
            "value": "3b7324cc2255e2be2b8d76f8165e5eb0a921db6e"
          },
          "contextDataVariables": []
        }
      ],
      "interactionType": "MULTIPLE_CHOICE_QUESTION",
      "changeResponse": {
        "enabled": true
      },
      "cancelResponse": {
        "enabled": true
      },
      "interactionDelay": "5000"
    },
    {
      "id": "bc466e0354995b33bb2fe323a1957426c5f24dad",
      "chatBotId": "d6ae4973-b282-451c-be99-ff8fa8c37428",
      "userInputRequired": false,
      "name": "text_question_12",
      "type": "BOT_MESSAGE",
      "content": {
        "contentType": "STATIC",
        "results": {
          "type": "TEXT_QUESTION",
          "tile": {
            "tileData": [
              {
                "text": "To start, can I get your first name?",
                "buttons": [],
                "quickReplyList": []
              }
            ]
          }
        }
      },
      "group": "75645c7b-3e81-46fc-9d20-8ebae161e098",
      "status": "ACTIVE",
      "required": true,
      "nextMessageId": "d016a76ea664dd2bd53e05f145ff5caa797d8373",
      "prevMessageId": "3bf104daafc41ba7aefadd767eeaaddd37030e9c",
      "responseMatches": [
        {
          "name": "Name",
          "conditions": [
            {
              "matchType": "REGEX",
              "regexMatch": {
                "regexText": "^\\s*([a-zA-Z]+\\s*){2,3}$",
                "excludeKeywords": []
              }
            }
          ],
          "contextConditions": [],
          "contextMatchConditionType": "ANY",
          "action": {
            "name": "INTERACTION",
            "value": "738fea2fa2fab8761d147ef26d647802d47fc06d"
          },
          "contextDataVariables": [
            {
              "name": "firstName",
              "value": "{$userMessage}",
              "scope": "SESSION"
            }
          ]
        },
        {
          "name": "No Match",
          "conditions": [
            {
              "matchType": "NO_MATCH",
              "noMatch": {}
            }
          ],
          "contextConditions": [],
          "contextMatchConditionType": "ANY",
          "action": {
            "name": "INTERACTION",
            "value": "d016a76ea664dd2bd53e05f145ff5caa797d8373"
          },
          "contextDataVariables": []
        }
      ],
      "interactionType": "TEXT_QUESTION",
      "changeResponse": {
        "enabled": true
      },
      "cancelResponse": {
        "enabled": true
      },
      "interactionDelay": "5000"
    },
    {
      "id": "d016a76ea664dd2bd53e05f145ff5caa797d8373",
      "chatBotId": "d6ae4973-b282-451c-be99-ff8fa8c37428",
      "userInputRequired": false,
      "name": "text_question_13",
      "type": "BOT_MESSAGE",
      "content": {
        "contentType": "STATIC",
        "results": {
          "type": "TEXT_QUESTION",
          "tile": {
            "tileData": [
              {
                "text": "Hmm, that doesn't look quite right. I'm looking for just your first name.\n\nLet's try that again. Can I get your name?",
                "buttons": [],
                "quickReplyList": []
              }
            ]
          }
        }
      },
      "group": "75645c7b-3e81-46fc-9d20-8ebae161e098",
      "status": "ACTIVE",
      "required": true,
      "nextMessageId": "738fea2fa2fab8761d147ef26d647802d47fc06d",
      "prevMessageId": "bc466e0354995b33bb2fe323a1957426c5f24dad",
      "responseMatches": [
        {
          "name": "Name",
          "conditions": [
            {
              "matchType": "PATTERN",
              "patternMatch": {
                "patterns": [
                  "^\\s*([a-zA-Z]+\\s*){2,3}$"
                ],
                "excludeKeywords": []
              }
            }
          ],
          "contextConditions": [],
          "contextMatchConditionType": "ANY",
          "action": {
            "name": "INTERACTION",
            "value": "738fea2fa2fab8761d147ef26d647802d47fc06d"
          },
          "contextDataVariables": [
            {
              "name": "firstName",
              "value": "{$userMessage}",
              "scope": "SESSION"
            }
          ]
        },
        {
          "name": "No Match",
          "conditions": [
            {
              "matchType": "NO_MATCH",
              "noMatch": {}
            }
          ],
          "contextConditions": [],
          "contextMatchConditionType": "ANY",
          "action": {
            "name": "INTERACTION",
            "value": "738fea2fa2fab8761d147ef26d647802d47fc06d"
          },
          "contextDataVariables": [
            {
              "name": "firstName",
              "value": "{$userMessage}",
              "scope": "SESSION"
            }
          ]
        }
      ],
      "interactionType": "TEXT_QUESTION",
      "changeResponse": {
        "enabled": true
      },
      "cancelResponse": {
        "enabled": true
      }
    },
    {
      "id": "e11e802a1406200c994923716436eaab1568109a",
      "chatBotId": "d6ae4973-b282-451c-be99-ff8fa8c37428",
      "userInputRequired": false,
      "name": "dialog_starter_10",
      "pattern": [
        "test"
      ],
      "type": "BOT_MESSAGE",
      "content": {
        "contentType": "STATIC",
        "results": {
          "type": "DIALOG_STARTER",
          "tile": {
            "tileData": [
              {
                "buttons": [],
                "quickReplyList": []
              }
            ]
          }
        }
      },
      "group": "75645c7b-3e81-46fc-9d20-8ebae161e098",
      "status": "ACTIVE",
      "required": true,
      "nextMessageId": "3bf104daafc41ba7aefadd767eeaaddd37030e9c",
      "responseMatches": [
        {
          "name": "RULE_1",
          "conditions": [],
          "contextConditions": [],
          "action": {
            "name": "INTERACTION",
            "value": "next"
          },
          "contextDataVariables": []
        }
      ],
      "interactionType": "DIALOG_STARTER"
    },
    {
      "id": "e887b13341bb5ca36ef9b559a9712b8e50358388",
      "chatBotId": "d6ae4973-b282-451c-be99-ff8fa8c37428",
      "userInputRequired": false,
      "name": "dialog_starter_4",
      "type": "BOT_MESSAGE",
      "content": {
        "contentType": "STATIC",
        "results": {
          "type": "DIALOG_STARTER",
          "tile": {
            "tileData": [
              {
                "buttons": [],
                "quickReplyList": []
              }
            ]
          }
        }
      },
      "group": "cef0f959-2c83-4683-9910-d2bd6327c75f",
      "status": "ACTIVE",
      "required": true,
      "nextMessageId": "abde1c45035bc9712cf5ec136ddda55f51c1d818",
      "responseMatches": [
        {
          "name": "RULE_1",
          "conditions": [],
          "contextConditions": [],
          "action": {
            "name": "INTERACTION",
            "value": "next"
          },
          "contextDataVariables": []
        }
      ],
      "interactionType": "DIALOG_STARTER"
    },
    {
      "id": "eddb960f75053e2ab2933d2d8e0db4f80c0bbfc0",
      "chatBotId": "d6ae4973-b282-451c-be99-ff8fa8c37428",
      "userInputRequired": false,
      "name": "fallback_starter",
      "type": "BOT_MESSAGE",
      "content": {
        "contentType": "STATIC",
        "results": {
          "type": "TEXT",
          "tile": {
            "tileData": [
              {
                "text": "Sorry, I am not able to understand. Greeter Fallback",
                "buttons": [],
                "quickReplyList": []
              }
            ]
          }
        }
      },
      "group": "2cc4e7bb-b7f1-48e5-89b9-9d3bf974f3af",
      "status": "ACTIVE",
      "responseMatches": [
        {
          "name": "RULE_1",
          "conditions": [],
          "contextConditions": [],
          "action": {
            "name": "INTERACTION",
            "value": "next"
          },
          "contextDataVariables": []
        }
      ],
      "interactionType": "TEXT"
    }
  ],
  "menus": [],
  "groups": [
    {
      "chatBotId": "d6ae4973-b282-451c-be99-ff8fa8c37428",
      "id": "2cc4e7bb-b7f1-48e5-89b9-9d3bf974f3af",
      "name": "2 Fallback",
      "creationTime": "2023-12-06 06:45:37",
      "modificationTime": "2023-12-06 06:45:37",
      "dialogType": "FALLBACK_DIALOG",
      "status": "ENABLED",
      "disambiguteOnlySelectedDomains": false
    },
    {
      "chatBotId": "d6ae4973-b282-451c-be99-ff8fa8c37428",
      "id": "75645c7b-3e81-46fc-9d20-8ebae161e098",
      "name": "4 Agent Transfer",
      "creationTime": "2023-12-06 06:45:37",
      "modificationTime": "2023-12-06 06:45:37",
      "dialogType": "DIALOG",
      "status": "ENABLED",
      "disambiguteOnlySelectedDomains": false
    },
    {
      "chatBotId": "d6ae4973-b282-451c-be99-ff8fa8c37428",
      "id": "8bca16ff-6578-4ab8-a81d-35f7077f525c",
      "name": "1 Welcome",
      "creationTime": "2023-12-06 06:45:37",
      "modificationTime": "2023-12-06 06:45:37",
      "dialogType": "DIALOG",
      "status": "ENABLED",
      "disambiguteOnlySelectedDomains": false
    },
    {
      "chatBotId": "d6ae4973-b282-451c-be99-ff8fa8c37428",
      "id": "c5680791-d850-48be-a683-6dacc31faf46",
      "name": "Movie Information",
      "creationTime": "2023-12-06 06:45:37",
      "modificationTime": "2023-12-06 06:45:37",
      "dialogType": "DIALOG",
      "status": "ENABLED",
      "disambiguteOnlySelectedDomains": false
    },
    {
      "chatBotId": "d6ae4973-b282-451c-be99-ff8fa8c37428",
      "id": "cef0f959-2c83-4683-9910-d2bd6327c75f",
      "name": "3 Menu",
      "creationTime": "2023-12-06 06:45:37",
      "modificationTime": "2023-12-06 06:45:37",
      "dialogType": "DIALOG",
      "status": "ENABLED",
      "disambiguteOnlySelectedDomains": false
    },
    {
      "chatBotId": "d6ae4973-b282-451c-be99-ff8fa8c37428",
      "id": "dbde8d7d-e7ce-4b29-b4ce-b695d80dfaf1",
      "name": "Spanish",
      "creationTime": "2023-12-06 06:45:37",
      "modificationTime": "2023-12-06 06:45:37",
      "dialogType": "DIALOG",
      "status": "ENABLED",
      "disambiguteOnlySelectedDomains": false
    }
  ],
  "globalFunctions": {
    "chatBotId": "d6ae4973-b282-451c-be99-ff8fa8c37428",
    "methods": "function __initConversation() { \n   \n  var sharkVisitorId = botContext.getLPEngagementAttribute(\"sharkVisitorId\");\n  var sharkSessionId = botContext.getLPEngagementAttribute(\"sharkSessionId\");\n  var BearerToken = botContext.getLPEngagementAttribute(\"BearerToken\");\n  \n  var convId = botContext.getConversationId();\n\n  botContext.setBotVariable(\"visitorId\",sharkVisitorId,true,false);\n  botContext.setBotVariable(\"sessionId\",sharkSessionId,true,false);\n  botContext.setBotVariable(\"BearerToken\",BearerToken,true,false);\n  botContext.setBotVariable(\"convId\",convId,true,false);\n}",
    "creationTime": "2023-12-06 06:45:37",
    "modificationTime": "2023-12-06 06:45:37"
  },
  "platforms": [
    {
      "id": "e88ff6b3eb01231a1ca338bde8870d935d1f1a4f",
      "chatbotId": "d6ae4973-b282-451c-be99-ff8fa8c37428",
      "integrationType": "HTMLCLIENT",
      "platform": "HTMLCLIENT",
      "status": "NEW"
    }
  ],
  "associatedDomains": [],
  "dialogTemplates": []
}